Workbook

Sheet Main
C1: AIA | I1: ANSI | L1: ECMA | O1: HDF | R1: ISA | S1: ISO Standard | AJ1: Modelica | AL1: OAGi | AN1: OMG | AO1: OMG Standards | AT1: OPC | AU1: W3C Standards | AX1: Boeing Proprietary/Non-Standard
C2: S1000D | F2: LOTAR | I2: QIF | L2: ECMA-363 [U3D] | O2: HDF5 | R2: ISA 95 | S2: IEC/ISO 62264 [B2MML] | T2: ISO 10303-209 | U2: ISO 10303-232 | V2: ISO 10303-233 | W2: ISO 10303-238 | X2: ISO 10303-239 | Y2: ISO 10303-242 | Z2: ISO/IEC 8632 [CGM] | AA2: ISO 14739-1 [PRC] | AB2: ISO 14306 [JT] | AC2: 3D PDF | AD2: ISO 32000 [PDF] | AE2: ISO 19005 [PDF/A] | AF2: ISO 24517 [PDF/E] | AG2: ISO/IEC 10918 [JPEG] | AH2: TIFF | AI2: ISO/ASTM 52915 [AMF] | AJ2: Modelica | AK2: FMI | AL2: OAGIS BODs | AM2: OSLC | AN2: EBXML | AO2: ReqIF | AP2: SysML | AQ2: UML | AR2: UPDM | AS2: XMI | AT2: OPC-UA | AU2: OWL | AV2: SVG | AW2: XML | AX2: LOPA | AY2: CSOS | AZ2: Options | BA2: Catalog | BB2: Config Specs | BC2: Test and Lab Data | BD2: Stress Notes | BE2: FT | BF2: ESV
A3: Functional Focus Areas | B3: Functional Owner | C3: S | D3: B | E3: I | F3: S | G3: B | H3: I | I3: S | J3: B | K3: I
A4: Product Requirements | V4: X | AO4: X
A5: Customer Configuraiton | AX5: X | AY5: X | AZ5: X | BA5: X | BB5: X
A6: Engineering Product Structure | X6: X | Y6: X
A7: Change Management | X7: X | Y7: X
A8: Scheduling | X8: X | Y8: X
A9: Functional Architecture | V9: X | X9: X | AJ9: X | AK9: X | AM9: X | AP9: X | AQ9: X | AR9: X | AS9: X | AU9: X
A10: ICD Documentation | V10: X | AJ10: X | AK10: X | AM10: X | AP10: X | AQ10: X | AR10: X | AS10: X | AU10: X
A11: Logical Design | V11: X | AJ11: X | AK11: X | AM11: X | AP11: X | AQ11: X | AR11: X | AS11: X | AU11: X
A12: Vehicle Level Analysis, Test, and Cert | F12: =AIA!B11 -> 75 | G12: =AIA!B12 -> 50 | H12: =AIA!B13 -> 25 | O12: =HDF!B5 -> 75 | P12: =HDF!B6 -> 20 | Q12: =HDF!B7 -> 55 | T12: X | BC12: X | BD12: X | BF12: X
A13: Simulation | AJ13: X | AK13: X | AM13: X | AP13: X | AQ13: X | AR13: X | AS13: X | AU13: X
A14: Electrical Design | C14: =AIA!B5 -> 75 | D14: =AIA!B6 -> 50 | E14: =AIA!B7 -> 25 | U14: X | X14: X | Y14: X | Z14: X | AM14: X | AV14: X
A15: CAD Authoring | B15: Brian Spring | F15: =AIA!B17 -> 75 | G15: =AIA!B18 -> 50 | H15: =AIA!B19 -> 25 | Y15: X
A16: CAD Storage | B16: Brian Spring | F16: =AIA!B23 -> 75 | G16: =AIA!B24 -> 50 | H16: =AIA!B25 -> 25 | Y16: X
A17: Spatial Integration | B17: Brian Spring | Y17: X | AA17: X | AB17: X | BE17: X
A18: EBOM | B18: Cheryl Chittenden | F18: =AIA!B29 -> 75 | G18: =AIA!B30 -> 50 | H18: =AIA!B31 -> 25 | U18: X | X18: X
A19: EBOM (Electrical) | F19: =AIA!B35 -> 75 | G19: =AIA!B36 -> 50 | H19: =AIA!B37 -> 25 | U19: X | X19: X
A20: MBOM | X20: X | Y20: X
A21: Plan Authoring (IP) | X21: X | Y21: X
A22: PDD Distribution | B22: Brian Spring | L22: X | Y22: X | AA22: X | AC22: X | AD22: X | AH22: X | AW22: X
A23: Shop Floor Viewing | L23: X | Y23: X | AA23: X | AB23: X | AC23: X | AD23: X | AH23: X | BE23: X
A24: Inventory Management | AL24: X | AN24: X
A25: Factory Digital Thread & Automation | S25: X | AT25: X
A26: Shop Floor Info (ADPP) | I26: =ANSI!B5 -> 75 | J26: =ANSI!B6 -> 20 | K26: =ANSI!B7 -> 55
A27: Non-Conformance | I27: =ANSI!B11 -> 75 | J27: =ANSI!B12 -> 20 | K27: =ANSI!B13 -> 55 | R27: X | S27: X
A28: Plan Delivery (IP) | R28: X | S28: X
A29: Support Viewing | Y29: X | Z29: X | AC29: X | AD29: X | AG29: X | AH29: X | AV29: X
A30: Data Standard Technical SME | F30: Rick Zuray | G30: Rick Zuray | H30: Rick Zuray | T30: Joe Draper | V30: Mark Williams | W30: David Odendahl | X30: Rick Zuray | Y30: Tom Bluhm | AA30: Stuart Galt | AC30: Stuart Galt | AD30: Stuart Galt | AE30: Stuart Galt | AF30: Stuart Galt | AO30: Mark Williams | AP30: Mark Williams | AS30: Mark Williams

Sheet AIA
A1: Standards Body | B1: AIA | C1: Gaps | D1: Actions | E1: Risk
A2: Data Standard | B2: S100D
A3: Technical SME | B3: XXX
A4: Business Functional Area | B4: Electrical Design
A5: Standard Maturity | B5: 75
A6: Boeing Business Capability Maturity | B6: 50
A7: Industry Maturity | B7: 25
A8: Data Standard | B8: LOTAR
A9: Technical SME | B9: Rich Zuray
A10: Business Functional Area | B10: Vehicle Level Analysis, Test, and Cert
A11: Standard Maturity | B11: 75
A12: Boeing Business Capability Maturity | B12: 50
A13: Industry Maturity | B13: 25
A14: Data Standard | B14: LOTAR
A15: Technical SME | B15: Rich Zuray
A16: Business Functional Area | B16: CAD Authoring
A17: Standard Maturity | B17: 75
A18: Boeing Business Capability Maturity | B18: 50
A19: Industry Maturity | B19: 25
A20: Data Standard | B20: LOTAR
A21: Technical SME | B21: Rich Zuray
A22: Business Functional Area | B22: CAD Storage
A23: Standard Maturity | B23: 75
A24: Boeing Business Capability Maturity | B24: 50
A25: Industry Maturity | B25: 25
A26: Data Standard | B26: LOTAR
A27: Technical SME | B27: Rich Zuray
A28: Business Functional Area | B28: EBOM
A29: Standard Maturity | B29: 75
A30: Boeing Business Capability Maturity | B30: 50
A31: Industry Maturity | B31: 25
A32: Data Standard | B32: LOTAR
A33: Technical SME | B33: Rich Zuray
A34: Business Functional Area | B34: EBOM (Electrical)
A35: Standard Maturity | B35: 75
A36: Boeing Business Capability Maturity | B36: 50
A37: Industry Maturity | B37: 25

Sheet ANSI
A1: Standards Body | B1: ANSI | C1: Gaps | D1: Actions | E1: Risk
A2: Data Standard | B2: QIF
A3: Technical SME | B3: Rich Zuray
A4: Business Functional Area | B4: Shop Floor
A5: Standard Maturity | B5: 75
A6: Boeing Business Capability Maturity | B6: 20
A7: Industry Maturity | B7: 55
A8: Data Standard | B8: QIF
A9: Technical SME | B9: Rich Zuray
A10: Business Functional Area | B10: Non-Conformance
A11: Standard Maturity | B11: 75
A12: Boeing Business Capability Maturity | B12: 20
A13: Industry Maturity | B13: 55

Sheet ECMA
A1: Standards Body | B1: ECMA | C1: Gaps | D1: Actions | E1: Risk
A2: Data Standard | B2: U3D
A3: Technical SME | B3: David Briggs
A4: Business Functional Area | B4: PDD Distribution
A5: Standard Maturity | B5: 75
A6: Boeing Business Capability Maturity | B6: 20
A7: Industry Maturity | B7: 55
A8: Data Standard | B8: U3D
A9: Technical SME | B9: David Briggs
A10: Business Functional Area | B10: Shop Floor Viewing
A11: Standard Maturity | B11: 75
A12: Boeing Business Capability Maturity | B12: 20
A13: Industry Maturity | B13: 55

Sheet HDF
A1: Standards Body | B1: HDF | C1: Gaps | D1: Actions | E1: Risk
A2: Data Standard | B2: HDF5
A3: Technical SME
A4: Business Functional Area | B4: Vehicle Level Analysis, Test, and Cert
A5: Standard Maturity | B5: 75
A6: Boeing Business Capability Maturity | B6: 20
A7: Industry Maturity | B7: 55

Sheet ISA

Sheet ISO
